{
  "config": {
    "batch_size": 2,
    "seq_len": 3,
    "d_in": 8,
    "d_out": 8,
    "num_heads": 2,
    "head_dim": 4
  },
  "input": [
    [
      [
        0.0,
        0.1,
        0.2,
        0.30000000000000004,
        0.4,
        0.5,
        0.6000000000000001,
        0.7000000000000001
      ],
      [
        1.0,
        1.1,
        1.2000000000000002,
        1.3,
        1.4000000000000001,
        1.5,
        1.6,
        1.7000000000000002
      ],
      [
        2.0,
        2.1,
        2.2,
        2.3000000000000003,
        2.4000000000000004,
        2.5,
        2.6,
        2.7
      ]
    ],
    [
      [
        10.0,
        10.100000000000001,
        10.200000000000001,
        10.3,
        10.4,
        10.5,
        10.600000000000001,
        10.700000000000001
      ],
      [
        11.0,
        11.100000000000001,
        11.200000000000001,
        11.3,
        11.4,
        11.5,
        11.600000000000001,
        11.700000000000001
      ],
      [
        12.0,
        12.100000000000001,
        12.200000000000001,
        12.3,
        12.4,
        12.5,
        12.600000000000001,
        12.700000000000001
      ]
    ]
  ],
  "weights": {
    "W_query": [
      [
        0.0,
        0.01,
        0.02,
        0.03,
        0.04,
        0.05,
        0.06,
        0.07
      ],
      [
        0.08,
        0.09,
        0.1,
        0.11,
        0.12,
        0.13,
        0.14,
        0.15
      ],
      [
        0.16,
        0.17,
        0.18,
        0.19,
        0.2,
        0.21,
        0.22,
        0.23
      ],
      [
        0.24,
        0.25,
        0.26,
        0.27,
        0.28,
        0.29,
        0.3,
        0.31
      ],
      [
        0.32,
        0.33,
        0.34,
        0.35000000000000003,
        0.36,
        0.37,
        0.38,
        0.39
      ],
      [
        0.4,
        0.41000000000000003,
        0.42,
        0.43,
        0.44,
        0.45,
        0.46,
        0.47000000000000003
      ],
      [
        0.48,
        0.49,
        0.5,
        0.51,
        0.52,
        0.53,
        0.54,
        0.55
      ],
      [
        0.56,
        0.5700000000000001,
        0.58,
        0.59,
        0.6,
        0.61,
        0.62,
        0.63
      ]
    ],
    "W_key": [
      [
        0.1,
        0.11,
        0.12000000000000001,
        0.13,
        0.14,
        0.15000000000000002,
        0.16,
        0.17
      ],
      [
        0.18,
        0.19,
        0.2,
        0.21000000000000002,
        0.22,
        0.23,
        0.24000000000000002,
        0.25
      ],
      [
        0.26,
        0.27,
        0.28,
        0.29000000000000004,
        0.30000000000000004,
        0.31,
        0.32,
        0.33
      ],
      [
        0.33999999999999997,
        0.35,
        0.36,
        0.37,
        0.38,
        0.39,
        0.4,
        0.41000000000000003
      ],
      [
        0.42000000000000004,
        0.43000000000000005,
        0.44000000000000006,
        0.45000000000000007,
        0.45999999999999996,
        0.47,
        0.48,
        0.49
      ],
      [
        0.5,
        0.51,
        0.52,
        0.53,
        0.54,
        0.55,
        0.56,
        0.5700000000000001
      ],
      [
        0.58,
        0.59,
        0.6,
        0.61,
        0.62,
        0.63,
        0.64,
        0.65
      ],
      [
        0.66,
        0.67,
        0.6799999999999999,
        0.69,
        0.7,
        0.71,
        0.72,
        0.73
      ]
    ],
    "W_value": [
      [
        0.2,
        0.21000000000000002,
        0.22,
        0.23,
        0.24000000000000002,
        0.25,
        0.26,
        0.27
      ],
      [
        0.28,
        0.29000000000000004,
        0.30000000000000004,
        0.31,
        0.32,
        0.33,
        0.34,
        0.35
      ],
      [
        0.36,
        0.37,
        0.38,
        0.39,
        0.4,
        0.41000000000000003,
        0.42000000000000004,
        0.43000000000000005
      ],
      [
        0.44,
        0.45,
        0.46,
        0.47000000000000003,
        0.48000000000000004,
        0.49,
        0.5,
        0.51
      ],
      [
        0.52,
        0.53,
        0.54,
        0.55,
        0.56,
        0.5700000000000001,
        0.5800000000000001,
        0.5900000000000001
      ],
      [
        0.6000000000000001,
        0.6100000000000001,
        0.62,
        0.63,
        0.64,
        0.65,
        0.66,
        0.67
      ],
      [
        0.6799999999999999,
        0.69,
        0.7,
        0.71,
        0.72,
        0.73,
        0.74,
        0.75
      ],
      [
        0.76,
        0.77,
        0.78,
        0.79,
        0.8,
        0.81,
        0.8200000000000001,
        0.8300000000000001
      ]
    ],
    "W_out": [
      [
        0.3,
        0.31,
        0.32,
        0.32999999999999996,
        0.33999999999999997,
        0.35,
        0.36,
        0.37
      ],
      [
        0.38,
        0.39,
        0.4,
        0.41,
        0.42,
        0.43,
        0.44,
        0.44999999999999996
      ],
      [
        0.45999999999999996,
        0.47,
        0.48,
        0.49,
        0.5,
        0.51,
        0.52,
        0.53
      ],
      [
        0.54,
        0.55,
        0.56,
        0.5700000000000001,
        0.5800000000000001,
        0.59,
        0.6,
        0.61
      ],
      [
        0.62,
        0.63,
        0.64,
        0.65,
        0.6599999999999999,
        0.6699999999999999,
        0.6799999999999999,
        0.69
      ],
      [
        0.7,
        0.71,
        0.72,
        0.73,
        0.74,
        0.75,
        0.76,
        0.77
      ],
      [
        0.78,
        0.79,
        0.8,
        0.81,
        0.8200000000000001,
        0.8300000000000001,
        0.8400000000000001,
        0.8500000000000001
      ],
      [
        0.8600000000000001,
        0.8700000000000001,
        0.8799999999999999,
        0.8899999999999999,
        0.8999999999999999,
        0.9099999999999999,
        0.9199999999999999,
        0.9299999999999999
      ]
    ]
  },
  "intermediates": {
    "Q": [
      [
        [
          [
            0.14,
            0.364,
            0.5880000000000001,
            0.812
          ],
          [
            0.42000000000000004,
            1.2840000000000003,
            2.148,
            3.0120000000000005
          ],
          [
            0.7000000000000002,
            2.2039999999999997,
            3.708,
            5.212000000000001
          ]
        ],
        [
          [
            1.0360000000000003,
            1.26,
            1.4840000000000002,
            1.7080000000000002
          ],
          [
            3.876000000000001,
            4.74,
            5.604000000000001,
            6.468
          ],
          [
            6.716,
            8.22,
            9.724,
            11.228
          ]
        ]
      ],
      [
        [
          [
            2.9400000000000004,
            9.564,
            16.188000000000002,
            22.812
          ],
          [
            3.22,
            10.484000000000002,
            17.747999999999998,
            25.012
          ],
          [
            3.5,
            11.404000000000002,
            19.308000000000003,
            27.212000000000003
          ]
        ],
        [
          [
            29.436000000000007,
            36.06,
            42.684000000000005,
            49.308
          ],
          [
            32.276,
            39.540000000000006,
            46.80400000000001,
            54.068000000000005
          ],
          [
            35.116,
            43.02000000000001,
            50.92400000000001,
            58.828
          ]
        ]
      ]
    ],