{
  "config": {
    "batch_size": 2,
    "seq_len": 3,
    "d_model": 8
  },
  "input": [
    [
      [
        0.9934282898902893,
        -0.27652859687805176,
        1.2953771352767944,
        3.0460596084594727,
        -0.4683067500591278,
        -0.46827390789985657,
        3.1584255695343018,
        1.5348694324493408
      ],
      [
        -0.9389487504959106,
        1.0851200819015503,
        -0.9268353581428528,
        -0.9314594864845276,
        0.48392453789711,
        -3.8265604972839355,
        -3.449835777282715,
        -1.1245750188827515
      ],
      [
        -2.0256621837615967,
        0.6284946799278259,
        -1.8160481452941895,
        -2.8246073722839355,
        2.931297540664673,
        -0.4515525996685028,
        0.13505640625953674,
        -2.849496364593506
      ]
    ],
    [
      [
        -1.0887655019760132,
        0.22184517979621887,
        -2.3019871711730957,
        0.7513960599899292,
        -1.2012773752212524,
        -0.5833874940872192,
        -1.2034132480621338,
        3.704556465148926
      ],
      [
        -0.026994450017809868,
        -2.115421772003174,
        1.645089864730835,
        -2.4416873455047607,
        0.41772720217704773,
        -3.919340133666992,
        -2.6563720703125,
        0.3937224745750427
      ],
      [
        1.4769331216812134,
        0.3427365720272064,
        -0.231296569108963,
        -0.602207362651825,
        -2.9570438861846924,
        -1.4396884441375732,
        -0.9212775230407715,
        2.1142444610595703
      ]
    ]
  ],
  "output": [
    [
      [
        0.8340803144029267,
        -0.10814415151502761,
        1.168724822291397,
        3.042923197263892,
        -0.14976991142279392,
        -0.14976490176833848,
        3.156268336994391,
        1.438873306898452
      ],
      [
        -0.163394158322359,
        0.9341781733157292,
        -0.16418226773796588,
        -0.16388646505183851,
        0.3318506225864876,
        -0.00015650249396568242,
        -0.0007490527537398411,
        -0.146820998731345
      ],
      [
        -0.04322834695166339,
        0.4620055470127535,
        -0.0630372279291337,
        -0.006224262712198357,
        2.926785459621592,
        -0.14712572179140235,
        0.07478283352550731,
        -0.005782301917380113
      ]
    ],
    [
      [
        -0.15057246794984247,
        0.1303960099273184,
        -0.0242177437112046,
        0.5813555488542443,
        -0.13814676153287475,
        -0.16327116248032952,
        -0.13789475662912665,
        3.7042898835219895
      ],
      [
        -0.013206551118754479,
        -0.03618158979370617,
        1.5627123154728846,
        -0.01743017944731655,
        0.276495932947459,
        -0.00010262352743010539,
        -0.010019097161272696,
        0.25713582239991767
      ],
      [
        1.3735513861477178,
        0.21732565429637143,
        -0.09449531846733028,
        -0.16474793666761453,
        -0.004165245934083359,
        -0.1081734701410946,
        -0.1645294100433614,
        2.077976009501467
      ]
    ]
  ]
}