{
  "config": {
    "batch_size": 2,
    "seq_len": 3,
    "d_model": 8,
    "eps": 1e-05
  },
  "input": [
    [
      [
        0.24835707247257233,
        -0.06913214921951294,
        0.3238442838191986,
        0.7615149021148682,
        -0.11707668751478195,
        -0.11706847697496414,
        0.7896063923835754,
        0.3837173581123352
      ],
      [
        -0.23473718762397766,
        0.2712800204753876,
        -0.2317088395357132,
        -0.2328648716211319,
        0.1209811344742775,
        -0.9566401243209839,
        -0.8624589443206787,
        -0.28114375472068787
      ],
      [
        -0.5064155459403992,
        0.15712366998195648,
        -0.45401203632354736,
        -0.7061518430709839,
        0.7328243851661682,
        -0.1128881499171257,
        0.033764101564884186,
        -0.7123740911483765
      ]
    ],
    [
      [
        -0.2721913754940033,
        0.05546129494905472,
        -0.5754967927932739,
        0.1878490149974823,
        -0.3003193438053131,
        -0.1458468735218048,
        -0.30085331201553345,
        0.9261391162872314
      ],
      [
        -0.006748612504452467,
        -0.5288554430007935,
        0.41127246618270874,
        -0.6104218363761902,
        0.10443180054426193,
        -0.979835033416748,
        -0.664093017578125,
        0.09843061864376068
      ],
      [
        0.36923328042030334,
        0.0856841430068016,
        -0.05782414227724075,
        -0.15055184066295624,
        -0.7392609715461731,
        -0.3599221110343933,
        -0.23031938076019287,
        0.5285611152648926
      ]
    ]
  ],
  "scale": [
    1.0,
    1.0,
    1.0,
    1.0,
    1.0,
    1.0,
    1.0,
    1.0
  ],
  "shift": [
    0.0,
    0.0,
    0.0,
    0.0,
    0.0,
    0.0,
    0.0,
    0.0
  ],
  "output": [
    [
      [
        -0.0789976641535759,
        -1.0040392875671387,
        0.14094306528568268,
        1.4161471128463745,
        -1.1437312364578247,
        -1.143707275390625,
        1.4979950189590454,
        0.3153901994228363
      ],
      [
        0.16641514003276825,
        1.4389456510543823,
        0.1740308254957199,
        0.17112363874912262,
        1.0609744787216187,
        -1.649024248123169,
        -1.4121776819229126,
        0.049712054431438446
      ],
      [
        -0.6661376357078552,
        0.7578616142272949,
        -0.5536762475967407,
        -1.0947849750518799,
        1.9933536052703857,
        0.1783982813358307,
        0.49312376976013184,
        -1.1081384420394897
      ]
    ],
    [
      [
        -0.5091009140014648,
        0.25246214866638184,
        -1.214073657989502,
        0.5601708889007568,
        -0.5744787454605103,
        -0.21543839573860168,
        -0.5757198333740234,
        2.2761783599853516
      ],
      [
        0.58375084400177,
        -0.565371572971344,
        1.5037875175476074,
        -0.7448937892913818,
        0.8284515738487244,
        -1.5579477548599243,
        -0.8630204796791077,
        0.8152434229850769
      ],
      [
        1.1617951393127441,
        0.41059553623199463,
        0.030402669683098793,
        -0.21525847911834717,
        -1.7749106884002686,
        -0.7699378132820129,
        -0.4265846014022827,
        1.5838983058929443
      ]
    ]
  ]
}